timestamp,position_x,position_y,position_z,velocity_x,velocity_y,velocity_z,sat_id
0.0,-6241.621625761401,1509.361445902888,1480.8998461552578,-2.2374736610508754,-2.2679041277198357,-7.098228630504895,sat1
30.0,-6304.810907006425,1440.3902931373716,1267.0650004142012,-1.9750358471273766,-2.329606151877454,-7.155886563954128,sat1
60.0,-6360.088861571392,1369.611760039793,1051.6354818924456,-1.7101103580254544,-2.3883871222663293,-7.204539869364133,sat1
90.0,-6407.38589664686,1297.114610488256,834.882395780277,-1.4430331065643307,-2.4441723066388543,-7.244126127814511,sat1
120.0,-6446.642541249524,1222.9897925423543,617.0785432143582,-1.1741428861025336,-2.4968908358638537,-7.274594690859344,sat1
150.0,-6477.809525601683,1147.33032100556,398.4980669198624,-0.9037809018715619,-2.546475805357804,-7.295906759984796,sat1
180.0,-6500.847846373091,1070.2311570395616,179.4160947616468,-0.6322902973781949,-2.5928643701859007,-7.308035446663679,sat1
210.0,-6515.728817654029,991.7890850242572,-39.89161821003443,-0.36001567697105047,-2.6359978335810648,-7.31096581278126,sat1
240.0,-6522.434107561517,912.1025868646069,-259.14904862775694,-0.0873026256898131,-2.6758217286533688,-7.304694891283117,sat1
270.0,-6520.955760414439,831.2717139517869,-478.0802639947168,0.18550277246997393,-2.7122858930889375,-7.289231686974046,sat1
300.0,-6511.296204447495,749.3979569917884,-696.4097815962697,0.45805441673542374,-2.7453445366647964,-7.264597157475678,sat1
330.0,-6493.468245068101,666.5841139191953,-913.8629265416358,0.7300066710377419,-2.774956301435226,-7.230824174429327,sat1
360.0,-6467.495043694473,582.9341561179447,-1130.1661883453155,1.0010148436626427,-2.801084314474703,-7.18795746510843,sat1
390.0,-6433.410082246984,498.55309317377333,-1345.0475754639249,1.2707356639505285,-2.8236962330929103,-7.136053534681775,sat1
420.0,-6391.2571133979845,413.5468363849557,-1558.2369672134232,1.5388277549500744,-2.842764282468029,-7.0751805694429,sat1
450.0,-6341.090096717918,328.02206125938864,-1769.4664625008736,1.804952100956021,-2.8582652856751336,-7.005418321393049,sat1
480.0,-6282.973120886988,242.08606922601004,-1978.4707248184293,2.0687725088985913,-2.870180686117102,-6.926857974633374,sat1												
510.0,-6216.980312171779,155.8466487877994,-2184.9873229624554,2.3299560625943423,-2.878496562395548,-6.839601994086038,sat1											
540.0,-6143.195729395737,69.41193634248782,-2388.757066955252,2.5881735689136693,-2.883203635688406,-6.743763957124494,sat1												
570.0,-6061.713245659201,-17.109723106033623,-2589.5243386676307,2.843099994976304,-2.8842972697292164,-6.639468368746995,sat1												
600.0,-5972.63641709105,-103.60991512538861,-2787.0374166582774,3.094414895541546,-2.8817774635100477,-6.526850460977637,sat1
630.0,-5876.078338937787,-189.98029470542377,-2981.048794768054,3.341802829823293,-2.875648836855562,-6.406055977222152,sat1
660.0,-5772.161489318118,-276.11272457074637,-3171.315494029375,3.584953767025266,-2.8659206090395086,-6.277240942343375,sat1
690.0,-5661.017560990715,-361.8994127496066,-3357.599367474953,3.8235634799614244,-2.852606570636824,-6.1405714192515495,sat1
720.0,-5542.787281501519,-447.2330491992379,-3539.6673974532155,4.057333926195931,-2.835725048824352,-5.9962232528297985,sat1
750.0,-5417.620222092338,-532.0069412947471,-3717.2919850832277,4.285973616210397,-2.815298866360784,-5.844381802032235,sat1
780.0,-5285.674595765916,-616.1151479960363,-3890.251231507872,4.509197968180056,-2.791355294491619,-5.685241661002522,sat1
810.0,-5147.117044914899,-699.4526125140754,-4058.329210627854,4.726729649011868,-2.763926000037893,-5.519006370066107,sat1
840.0,-5002.122418930263,-781.9152933066958,-4221.316233026561,4.938298901372667,-2.7330469869374334,-5.345888117445317,sat1
870.0,-4850.873542213035,-863.4002932414487,-4379.009100819529,5.143643856504582,-2.698758532515336,-5.166107432538912,sat1
900.0,-4693.560973017217,-943.805986771812,-4531.211353188258,5.342510832695807,-2.661105118765432,-4.979892871591791,sat1
930.0,-4530.382753555145,-1023.0321449816869,-4677.733502382335,5.534654619340904,-2.6201353589269,-4.787480696559657,sat1
960.0,-4361.544151797797,-1100.9800583610308,-4818.393259997044,5.719838746587651,-2.575901919640496,-4.589114547947515,sat1
990.0,-4187.257395400893,-1177.552657184787,-4953.015753357543,5.897835740628124,-2.5284614389660787,-4.38504511236814,sat1
1020.0,-4007.7413981864797,-1252.6546293747035,-5081.433731861104,6.068427364744966,-2.477874440538651,-4.1755297855321425,sat1
1050.0,-3823.221479603602,-1326.1925357327802,-5203.487763151365,6.231404846276202,-2.424205244132783,-3.960832331338656,sat1
1080.0,-3633.929077588491,-1398.074922442091,-5319.026419016016,6.38656908970432,-2.3675218728963165,-3.7412225376945685,sat1
1110.0,-3440.101455235498,-1468.2124307392469,-5427.9064509193395,6.533730876116993,-2.3078959575029097,-3.5169758696406475,sat1
1140.0,-3241.9814016842565,-1536.5179036692025,-5529.992955095947,6.6727110493180355,-2.245402637460432,-3.288373120316365,sat1
1170.0,-3039.8169276180856,-1602.9064898406968,-5625.159527148553,6.803340688895979,-2.1801204597973842,-3.0557000602424145,sat1
1200.0,-2833.8609557601376,-1667.2957441065914,-5713.288406105414,6.925461270577536,-2.112131275333989,-2.8192470853493306,sat1
1230.0,-2624.3710067435786,-1729.605725099357,-5794.270607905294,7.038924814208072,-2.0415201327276993,-2.579308864128242,sat1
1260.0,-2411.6088807212604,-1789.7590895575947,-5868.006048288536,7.143594019709673,-1.9683751704648424,-2.33618398422737,sat1
1290.0,-2195.8403350704634,-1847.681183384005,-5934.40365508144,7.23934239136881,-1.8927875069521296,-2.090174598767631,sat1
1320.0,-1977.3347585374347,-1903.300129379814,-5993.381469868756,7.32605435080192,-1.8148511288425087,-1.8415860726009885,sat1
1350.0,-1756.364842155968,-1956.5469116042757,-6044.8667390551545,7.403625338936889,-1.7346627777113695,-1.5907266286875632,sat1
1380.0,-1533.20624726506,-2007.3554563110538,-6088.795994320891,7.471961907332783,-1.6523218351799982,-1.3379069947239497,sat1
1410.0,-1308.1372709408236,-2055.662709415932,-6125.1151224805235,7.530981799139173,-1.5679302065651612,-1.083440050113173,sat1
1440.0,-1081.438509148923,-2101.4087104525106,-6153.7794247555075,7.580614019970923,-1.481592203115481,-0.8276404733290708,sat1
1470.0,-853.3925179170012,-2144.536662973885,-6174.753665472618,7.620798898943541,-1.3934144228789127,-0.5708243896956182,sat1
1500.0,-624.2834728190186,-2184.993001359573,-6188.012110200301,7.651488140080661,-1.3035056302294548,-0.3133090195723467,sat1
1530.0,-394.396827057285,-2222.727453987634,-6193.538553334569,7.6726448642676015,-1.2119766340667015,-0.055412326912725206,sat1
1560.0,-164.01896842461338,-2257.6931027319315,-6191.326335144601,7.684243641884671,-1.1189401646892205,0.20254733185466586,sat1
1590.0,66.56312457545202,-2289.8464387445747,-6181.378348286648,7.686270516211923,-1.0245107493309455,0.4602515586867118,sat1
1620.0,297.0622271740339,-2319.1474144830167,-6163.70703379274,7.678723017653093,-0.9288045863403226,0.7173822645996409,sat1
1650.0,527.1912130720222,-2345.5594919405867,-6138.3343665386155,7.661610168781999,-0.831939417974803,0.9736220202293023,sat1
1680.0,756.6633991893464,-2369.0496870383945,-6105.29183019302,7.634952480170046,-0.7340344017768426,1.2286544063480533,sat1
1710.0,985.1928901554885,-2389.5886101359283,-6064.620381647634,7.598781936908147,-0.6352099804927019,1.4821643644042282,sat1
1740.0,1212.4949222235366,-2407.1505026129994,-6016.370404933379,7.553141975700971,-0.5355877505117319,1.7338385470890139,sat1
1770.0,1438.2862064198441,-2421.7132694861484,-5960.6016546024675,7.498087452347133,-0.43529032874691603,1.9833656690643091,sat1
1800.0,1662.285270498195,-2433.2585080008535,-5897.383188599063,7.4336845994198155,-0.33444121798350984,2.230436857696455,sat1
1830.0,1884.212799512432,-2441.7715321623587,-5826.793290596542,7.3600109738862205,-0.23316467061908222,2.4747460038900586,sat1
1860.0,2103.7919746531593,-2447.2413931526617,-5748.919381808966,7.277155394396962,-0.13158555079525985,2.7159901129036004,sat1
1890.0,2320.748810042513,-2449.6608955860124,-5663.857922277136,7.1852178679403504,-0.029829194906639156,2.9538696550535675,sat1
1920.0,2534.8124871628947,-2449.0266095543893,-5571.7143016347745,7.084309505534314,0.07197872951214264,3.188088916162495,sat1
1950.0,2745.7156865850693,-2445.3388784145186,-5472.602719365665,6.974552426610868,0.17371236650672287,3.418356347560892,sat1
1980.0,2953.194916650877,-2438.601822268872,-5366.646054568766,6.856079651734995,0.275245816000612,3.6443849154065298,sat1
2010.0,3156.990838755131,-2428.823337094013,-5253.975725256131,6.729034983292789,0.3764532796236544,3.8658924490355533,sat1
2040.0,3356.848588859877,-2416.015089471564,-5134.731537218097,6.5935728737826595,0.47720920800603833,4.082601988009231,sat1
2070.0,3552.5180948635007,-2400.192506879125,-5009.061522500854,6.449858281348658,0.5773884494535295,4.2942421274696345,sat1
2100.0,3743.7543894368196,-2381.374763501468,-4877.121767553826,6.298066512205774,0.6768663998990442,4.5005473613671185,sat1
2130.0,3930.3179179275166,-2359.5847615256266,-4739.076231118528,6.138383049625192,0.7755191540046169,4.701258423071693,sat1
2160.0,4111.974840932594,-2334.849107886712,-4595.096551939545,5.971003369163876,0.873223657270154,4.896122622840337,sat1
2190.0,4288.497331081329,-2307.198086442702,-4445.361846434106,5.796132739898101,0.9698578589575889,5.084894181513627,sat1
2220.0,4459.663863699826,-2276.6656255431108,-4290.058496366112,5.613986011329904,1.0653008656906529,5.267334559917187,sat1
2250.0,4625.259500806436,-2243.2892609914943,-4129.379926759795,5.4247873858744,1.1594330954533645,5.44321278317163,sat1
2280.0,4785.076168086243,-2207.1100943814386,-3963.5263741489075,5.228770176697193,1.252136431798767,5.612305759296826,sat1
2310.0,4938.912924372642,-2168.1727468081076,-3792.70464536941,5.02617655082774,1.3432943779970214,5.774398591338277,sat1
2340.0,5086.576223198446,-2126.5253079606437,-3617.1278670978677,4.817257257498385,1.4327922108523197,5.9292848822547075,sat1
2370.0,5227.880165974023,-2082.2192806096355,-3437.0152263644845,4.60227134172294,1.5205171338978463,6.076767031778074,sat1
2400.0,5362.646746350809,-2035.309520513042,-3252.5917022941258,4.3814858431933885,1.6063584296611753,6.216656524439198,sat1
2430.0,5490.706085332291,-1985.8541717733171,-3064.0877893526326,4.15517548063971,1.6902076106780213,6.348774207941142,sat1
2460.0,5611.896656700073,-1933.9145976880684,-2871.7392124001553,3.923622321866696,1.7719585689196515,6.4729505610570275,sat1
2490.0,5726.065502329191,-1879.5553071473853,-2675.7866338790955,3.687115439754061,1.8515077232877055,6.589025950229225,sat1
2520.0,5833.068436978262,-1822.8438766406598,-2476.4753534863316,3.4459505545748104,1.9287541648229163,6.69685087405584,sat1
2550.0,5932.770242149723,-1763.8508679471936,-2274.0550007066067,3.2004296630626135,2.0035997992666985,6.796286194862388,sat1
2580.0,6025.04484863103,-1702.6497415952135,-2068.7792206051317,2.950860654727449,2.075949486611908,6.887203356578796,sat1
2610.0,6109.775507342826,-1639.3167661850612,-1860.905353301733,2.6975569159907904,2.1457111772773745,6.969484588167708,sat1
2640.0,6186.854948138455,-1573.9309236832928,-1650.694107570864,2.4408369227801763,2.212796044542371,7.043023091883749,sat1
2670.0,6256.185526219548,-1506.5738108050855,-1438.409229031965,2.181023822288044,2.2771186128813836,7.107723215682759,sat1
2700.0,6317.67935585398,-1437.32953661332,-1224.317163415663,1.9184450046642414,2.33859688184596,7.163500609144825,sat1
2730.0,6371.2584311069395,-1366.2846164728867,-1008.6867154084952,1.6534316654693308,2.3971524451500055,7.210282362325905,sat1
2760.0,6416.854733321181,-1293.5278625089095,-791.7887035958631,1.3863183597708768,2.452710604626654,7.248007127008274,sat1
2790.0,6454.410325109604,-1219.15027072768,-573.8956120383342,1.1174425488152722,2.5052004787389404,7.276625219880264,sat1
2820.0,6483.877430652074,-1143.2449049679412,-355.2812390291652,0.8471441402513639,2.5545551053434656,7.296098707240194,sat1
2850.0,6505.218502118184,-1065.9067778590506,-136.2203435915814,0.575765022920028,2.6007115384250015,7.306401470887265,sat1
2880.0,6518.406272068377,-987.2327289708518,83.01170971530698,0.30364859725742543,2.6436109385408533,7.307519254932983,sat1
2910.0,6523.423791717746,-907.3213003474538,302.1393071076519,0.03113930238339413,2.683198656736774,7.299449693339801,sat1
2940.0,6520.264454979175,-826.2726096238487,520.8869424247271,-0.24141785903346702,2.719424311720671,7.282202318068616,sat1
2970.0,6508.932008235322,-744.1882209304658,738.9795739319449,-0.5136777970322589,2.75224186010638,7.255798547792418,sat1
3000.0,6489.440545822045,-661.1710137959657,956.1429804958507,-0.785295810630067,2.781609659566917,7.220271657209783,sat1
3030.0,6461.814491239094,-577.3250502628235,1172.1041165517743,-1.0559280630031431,2.807490524765063,7.175666727067385,sat1
3060.0,6426.0885641367495,-492.7554404340882,1386.5914652872873,-1.3252320544838763,2.8298517759578012,7.122040575075855,sat1
3090.0,6382.307733159631,-407.5682066721344,1599.3353894728532,-1.5928670922973733,2.848665280200864,7.059461667975991,sat1
3120.0,6330.527154760949,-321.87014667192165,1810.068479378595,-1.8584947559841232,2.8639074851090514,6.9880100150833195,sat1
3150.0,6270.8120981316315,-235.76869563281005,2018.525897227097,-2.121779357485609,2.875559445157666,6.907777043706702,sat1
3180.0,6203.237856418639,-149.37178775187286,2224.4457176459805,-2.382388394908155,2.8836068405397204,6.818865456900548,sat1
3210.0,6127.889644436171,-62.78771726200523,2427.569263596915,-2.639992999020486,2.888039988622068,6.721389074070722,sat1
3240.0,6044.862483100833,23.875000764375326,2627.6414372752124,-2.894268371590164,2.8888538480715282,6.615472655009393,sat1
3270.0,5954.261070847643,110.50776962771957,2824.411045492546,-3.1448942147174686,2.886048015748741,6.501251707984048,sat1
3300.0,5856.199642309215,197.00205001402227,3017.6311190727633,-3.3915551503801318,2.8796267164928917,6.378872282551796,sat1
3330.0,5750.801814561672,283.2494985973996,3207.059225814166,-3.6339411294671318,2.8695987859441314,6.248490747807705,sat1
3360.0,5638.200421263198,369.1421060253391,3392.4577765907366,-3.8717478296403263,2.855977646572872,6.11027355681026,sat1
3390.0,5518.537335028684,454.57233408623034,3573.594324189544,-4.104677041432446,2.838781277104877,5.964396997952488,sat1
3420.0,5391.963278401689,539.433251863491,3750.241854503456,-4.332437042056268,2.8180321755495887,5.811046934068401,sat1
3450.0,5258.637623799148,623.6186706879635,3922.179069723128,-4.554742956470742,2.793757316054506,5.650418530077442,sat1
3480.0,5118.728182817228,707.0232777065147,4089.190663195788,-4.7713171053189365,2.7659880998223807,5.48271596997733,sat1
3510.0,4972.410985296934,789.5427678926388,4251.06758564337,-4.981889339423056,2.734760300338577,5.308152163995795,sat1
3540.0,4819.870048557247,871.0739743316287,4407.6073024558955,-5.186197360589133,2.700114003165165,5.126948446707126,sat1
3570.0,4661.297137208939,951.5149966215942,4558.614041801244,-5.383987028542468,2.6620935405638644,4.93933426690648,sat1
3600.0,4496.891513968204,1030.7653272385778,4703.899033314578,-5.575012653877289,2.6207474212140567,4.745546870019257,sat1
3630.0,4326.859681889949,1108.725975723064,4843.280737155442,-5.759037276967959,2.576128255292784,4.545830973797858,sat1
3660.0,4151.415118443307,1185.2995905520631,4976.585063241034,-5.9358329328444634,2.528292675182936,4.340438438032332,sat1
3690.0,3970.77800184964,1260.390578569799,5103.645580486789,-6.105180902090451,2.4773012520717725,4.129627928967448,sat1
3720.0,3785.1749301011237,1333.9052218574516,5224.303715905449,-6.2668719478707855,2.423218408696348,3.9136645790822002,sat1
3750.0,3594.83863307506,1405.7517919298025,5338.408943434129,-6.420706539238758,2.3661123284845607,3.6928196428489084,sat1
3780.0,3400.00767815244,1475.8406611544303,5445.818962378226,-6.566495060913408,2.3060548613305505,3.4673701490438193,sat1
3810.0,3200.9261697443485,1544.0844112956784,5546.399865376381,-6.704058009749096,2.243121426231807,3.23759855013737,sat1
3840.0,2997.8434431218802,1610.39793909254,5640.02629580653,-6.833226178147314,2.1773909110019742,3.0037923692438495,sat1
3870.0,2791.013752938141,1674.6985587856227,5726.581594566522,-6.95384082468127,2.108945569259072,2.7662438450627995,sat1
3900.0,2580.695956821251,1736.9061015143793,5805.957936175446,-7.065753832219314,2.0378709148730274,2.5252495751942066,sat1
3930.0,2367.153194410385,1796.943011510693,5878.056454152011,-7.168827853840923,1.9642556140402996,2.2811101581630138,sat1
3960.0,2150.652562196063,1854.7344390201336,5942.787355636262,-7.262936446842653,1.8881913751356627,2.0341298344388195,sat1
3990.0,1931.4647845178674,1910.2083298862453,6000.0700252287015,-7.34796419512748,1.8097728364742325,1.7846161266910476,sat1
4020.0,1709.8638810644354,1963.295511736848,6049.833118027055,-7.423806820261691,1.7290974520989073,1.532879479476593,sat1
4050.0,1486.1268312112143,2013.929776714786,6092.0146418467875,-7.490371281469346,1.6462653756910566,1.2792328985140178,sat1
4080.0,1260.5332355242442,2062.047960698125,6126.562028615144,-7.547575864814249,1.5613793426848752,1.0239915896611387,sat1
4110.0,1033.3649747508853,2107.590018956956,6153.432194931575,-7.595350261794999,1.4745445506497186,0.7674725976779576,sat1
4140.0,804.9058666117876,2150.499098195739,6172.591591789368,-7.63363563755007,1.385868537988495,0.509994444826488,sat1
4170.0,575.4413207031698,2190.721604931321,6184.016243454467,-7.662384688837183,1.295461060986401,0.2518767693332499,sat1
4200.0,345.25799181415505,2228.207270157497,6187.691775497762,-7.681561691915861,1.2034339692303944,-0.006560036280237584,sat1
4230.0,114.64343195973116,2262.909210247665,6183.613431977147,-7.691142540423682,1.1099010794081932,-0.2649951870105196,sat1
4260.0,-116.11425857076942,2294.783984046909,6171.786081764925,-7.691114773296619,1.0149780474858086,-0.5231078673489056,sat1
4290.0,-346.7267808527101,2323.7916461050377,6152.22421401553,-7.681477592742485,0.9187822392537337,-0.7805775934490159,sat1
4320.0,-576.9059873530763,2349.8957960013695,6124.951922767556,-7.662241872234275,0.8214325992264646,-1.037084575508944,sat1
4350.0,-806.3642320464546,2373.0636237118006,6090.002880673412,-7.633430154448355,0.7230495178746881,-1.2923100803880299,sat1
4380.0,-1034.8147203102942,2393.2659509673467,6047.420301850642,-7.595076639032239,0.6237546971710713,-1.5459367944574658,sat1
4410.0,-1261.971858329153,2410.477268556316,5997.256893840607,-7.547227160039049,0.5236710144115257,-1.7976491867148443,sat1
4440.0,-1487.551601600826,2424.675769510471,5939.57479868633,-7.489939152851721,0.42292238433355595,-2.0471338720243937,sat1
4470.0,-1711.2718023594073,2435.843378134716,5874.445523098887,-7.423281610344725,0.32163361945835317,-2.294079974570798,sat1
4500.0,-1932.852555482597,2443.9657748182917,5801.949857728926,-7.347335028040235,0.2199302886944149,-2.538179491315678,sat1
4530.0,-2152.0165425941495,2449.0324165790294,5722.17778553555,-7.26219133796313,0.11793857418368889,-2.779127655378419,sat1
4560.0,-2368.4893740103976,2451.0365532874875,5635.2283792586195,-7.167953830883821,0.015785126404918554,-3.0166232991642357,sat1
4590.0,-2581.9999281775863,2449.9752395189585,5541.209688004626,-7.06473706661837,-0.08640308244148195,-3.250369217027781,sat1
4620.0,-2792.2806882366526,2445.849341982356,5440.238612963693,-6.952666772042036,-0.18849890672790587,-3.4800725272148227,sat1
4650.0,-2999.0680753418405,2438.6635424763354,5332.440772283228,-6.8318797264646305,-0.2903751773181757,-3.7054450327771207,sat1
4680.0,-3202.1027783487334,2428.4263363249206,5217.95035513395,-6.702523634014385,-0.3919048530370457,-3.926203581105997,sat1
4710.0,-3401.1300794762064,2415.1500262474106,5096.909965015517,-6.564756982681843,-0.49296117359811653,-4.142070421679684,sat1
4740.0,-3595.9001755376726,2398.850711620346,4969.470452361299,-6.418748889685114,-0.5934178138780634,-4.352773561570426,sat1
4770.0,-3786.168494325621,2379.5482730929702,4835.790736517011,-6.264678932835848,-0.693149039403535,-4.558047118206124,sat1
4800.0,-3971.6960057199744,2357.2663525226844,4696.037617187216,-6.102736967612585,-0.7920298628930743,-4.757631668828313,sat1
4830.0,-4152.249527115479,2332.0323281977,4550.385575435488,-5.933122929648119,-0.8899362016925201,-4.9512745960771305,sat1
4860.0,-4327.602022660661,2303.877285331268,4399.016564414865,-5.756046622456859,-0.986745035869634,-5.138730428987401,sat1
4890.0,-4497.53289594404,2272.8359818004333,4242.119789913113,-5.571727490139919,-1.0823345667915907,-5.319761178799696,sat1
4920.0,-4661.828275617373,2238.9468091256676,4079.8914809230946,-5.3803943749738705,-1.1765843759127965,-5.494136668801085,sat1
4950.0,-4820.281293521947,2202.251748685958,3912.5346504120007,-5.182285259773392,-1.26937558352255,-5.6616348574629844,sat1
4980.0,-4972.692354856418,2162.796323175317,3740.2588465052145,-4.977646994996919,-1.360591007168689,-5.82204215408745,sat1
5010.0,-5118.869399928916,2120.629543314477,3563.27989432126,-4.766735010621955,-1.4501153194578487,-5.975153726154645,sat1
5040.0,-5258.628157037122,2075.8038498414285,3381.8196287195037,-4.549813012882338,-1.5378352049152153,-6.120773797545852,sat1
5070.0,-5391.7923860241235,2028.3750508136943,3196.1056182469456,-4.327152666027697,-1.6236395155723375,-6.258715936805146,sat1
5100.0,-5518.19411206381,1978.4022542656835,3006.3708805959454,-4.09903325933583,-1.7074194249380366,-6.38880333459736,sat1
5130.0,-5637.673849237381,1925.9477962749615,2812.853589909799,-3.8657413596811354,-1.7890685799965536,-6.510869069521327,sat1
5160.0,-5750.080813473207,1871.0771645019274,2615.7967762979774,-3.6275704500349897,-1.8684832508685136,-6.6247563614454075,sat1
5190.0,-5855.273124433929,1813.858917278833,2415.44801794885,-3.384820554349253,-1.9455624777634206,-6.730318811546103,sat1
5220.0,-5953.117995950311,1754.3645983348083,2212.0591262501366,-3.1377978493452066,-2.020208214849294,-6.827420628253073,sat1
5250.0,-6043.491914617592,1692.6686472551592,2005.8858243523798,-2.886814263804101,-2.092325470663427,-6.915936838330834,sat1
5280.0,-6126.280806188821,1628.8483057846097,1797.1874196330523,-2.632187066025841,-2.161822444689615,-6.995753482362215,sat1
5310.0,-6201.380189421755,1562.9835200947546,1586.2264705391624,-2.374238440188349,-2.2286106597321482,-7.066767793939886,sat1
5340.0,-6268.695317057655,1495.1568391477917,1373.2684483083078,-2.113295052407333,-2.2926050897228607,-7.1288883619182375,sat1
5370.0,-6328.141303636121,1425.4533092988447,1158.5813940850842,-1.8496876073547133,-2.3537242826079052,-7.182035275131142,sat1
5400.0,-6379.643239876569,1353.9603652896462,942.4355719672625,-1.5837503963506432,-2.4118904779729773,-7.226140249038471,sat1
5430.0,-6423.1362933849405,1280.7677177967257,725.1031185317643,-1.3158208378957357,-2.467029719080391,-7.261146733826684,sat1
5460.0,-6458.5657954742555,1205.967237706525,506.85768940317456,-1.0462390116547466,-2.5190719590089454,-7.287010003555761,sat1
5490.0,-6485.88731391855,1129.6528372987625,287.9741034383355,-0.7753471869418112,-2.5679511606071346,-7.303697226015082,sat1
5520.0,-6505.066711491616,1051.9203485279288,68.72798511059025,-0.5034893467912708,-2.6136053899918545,-7.31118751302427,sat1
5550.0,-6516.080190175036,972.8673986006253,-150.6045943168327,-0.23101070872312343,-2.6559769033486043,-7.30947195099097,sat1
5580.0,-6518.914320953613,892.5932830526757,-369.7474762345743,0.041742756669609235,-2.6950122268148125,-7.298553611615199,sat1
5610.0,-6513.566059150115,811.198836537183,-588.4247741509781,0.31442480817108176,-2.7306622292546447,-7.278447542708484,sat1
5640.0,-6500.042745285826,728.7863015387858,-806.3612325809427,0.5866894162882692,-2.762882187762348,-7.24918073917507,sat1
5670.0,-6478.362091487312,645.4591952349721,-1023.2825847657275,0.858191244351117,-2.7916318457602713,-7.210792094281115,sat1
5700.0,-6448.5521534941745,561.3221747278379,-1238.915908635955,1.128586127239051,-2.8168754635880644,-7.163332331415339,sat1
5730.0,-6410.651288355802,476.48090087300955,-1452.989980436636,1.3975315466228428,-2.8385818615101375,-7.106863916620292,sat1
5760.0,-6364.708097938523,391.0419009339792,-1665.235625441994,1.6646871016356557,-2.8567244550992332,-7.041460952247047,sat1
5790.0,-6310.781358396001,305.1124302903243,-1875.3860652017552,1.9297149739219315,-2.8712812829851297,-6.967209052155799,sat1
5820.0,-6248.939935787483,218.80033342933285,-2083.177260770929,2.1922803860473237,-2.8822350269875674,-6.884205198952156,sat1
5850.0,-6179.262688057477,132.21390444807673,-2288.3482513938916,2.4520520523017937,-2.8895730246827176,-6.792557583810505,sat1
5880.0,-6101.838353619348,45.46174729216685,-2490.6414881291503,2.708702620975891,-2.893287274481407,-6.692385429493692,sat1
5910.0,-6016.765426811606,-41.34736404600633,-2689.8031619209246,2.9619091072469126,-2.8933744333251794,-6.583818797230291,sat1
5940.0,-5924.152020521132,-128.10462514989848,-2885.583525643622,3.2113533158709275,-2.8898358071328727,-6.466998378157626,sat1
5970.0,-5824.115716289861,-214.70134040765728,-3077.737209668628,3.4567222529426176,-2.8826773341553196,-6.342075270078336,sat1
6000.0,-5716.78340224378,-301.02906163683207,-3266.023530523397,3.6977085260493894,-2.871909561418824,-6.209210740313775,sat1
6030.0,-5602.291099200809,-386.9797259010743,-3450.2067922394244,3.9340107322193028,-2.857547614459367,-6.068575975463663,sat1
6060.0,-5480.783775332399,-472.44579232076376,-3630.056580007806,4.1653338331314655,-2.8396111605683165,-5.920351818903878,sat1
6090.0,-5352.4151497673865,-557.3203776867718,-3805.348045788161,4.391389517132715,-2.8181243657872352,-5.764728496867186,sat1
6120.0,-5217.347485539841,-641.4973906937055,-3975.862185541107,4.611896547676701,-2.79311584590361,-5.601905333959921,sat1
6150.0,-5075.751372293011,-724.871664616693,-4141.386107780044,4.82658109787473,-2.7646186117111027,-5.432090458968461,sat1
6180.0,-4927.805499159057,-807.3390882640755,-4301.713293164481,5.0351770709210095,-2.7326700088071947,-5.255500501802616,sat1
6210.0,-4773.696418241459,-888.7967350461411,-4456.64384488077,5.2374264062235785,-2.6973116522077683,-5.0723602824125535,sat1
6240.0,-4613.61829912967,-969.1429900091113,-4605.9847295825975,5.4330793711424406,-2.65858935606209,-4.882902492495976,sat1
6270.0,-4447.772674878429,-1048.277674691707,-4749.550008686606,5.621894838300247,-2.6165530587532047,-4.687367370789468,sat1
6300.0,-4276.368179884527,-1126.1021696698874,-4887.161059841823,5.803640548492167,-2.571256743667957,-4.486002372709074,sat1
6330.0,-4099.620280090229,-1202.519534664889,-5018.646788415435,5.9780933592811865,-2.522758355916672,-4.2790618350689,sat1
6360.0,-3917.750995942425,-1277.4346260962989,-5143.843828856298,6.145039479414245,-2.4711197152778372,-4.066806636571711,sat1
6390.0,-3730.9886185287382,-1350.7542119716466,-5262.5967358198905,6.304274689245582,-2.416406425633919,-3.849503854719997,sat1
6420.0,-3539.5674193064133,-1422.3870840110822,-5374.758164956699,6.455604547394787,-2.358687781155099,-3.6274264197511177,sat1
6450.0,-3343.727353834491,-1492.2441669127627,-5480.1890432819,6.5988445839016325,-2.2980366694757954,-3.400852766154572,sat1
6480.0,-3143.713759908149,-1560.238624672644,-5578.758729062384,6.733820480173103,-2.2345294720948417,-3.1700664822754554,sat1
6510.0,-2939.777050487167,-1626.2859638785292,-5670.3451611701,6.8603682360400295,-2.1682459622150985,-2.935355958459269,sat1
6540.0,-2732.1724018001496,-1690.304133904263,-5754.834997863723,6.978334324258956,-2.099269200222429,-2.6970140341405635,sat1
6570.0,-2521.15943699563,-1752.2136239360973,-5832.1237449723185,7.087575832806627,-2.0276854269859435,-2.4553376442252164,sat1
6600.0,-2307.001905700938,-1811.937556768148,-5902.1158734640885,7.187960595319207,-1.9535839551437983,-2.2106274650649342,sat1
6630.0,-2089.967359838758,-1869.4017793087273,-5964.724926391627,7.279367310027559,-1.8770570585195328,-1.9631875602717799,sat1
6660.0,-1870.326826042002,-1924.534949742958,-6019.873615211566,7.361685647532021,-1.7981998597960236,-1.7133250265730915,sat1
6690.0,-1648.3544749961236,-1977.2686213011525,-6067.493905482131,7.434816347748163,-1.7171102165539673,-1.4613496398598962,sat1
6720.0,-1424.3272880289132,-2027.5373225850285,-6107.527091945904,7.498671306335975,-1.6338886057639883,-1.2075735015392357,sat1
6750.0,-1198.524721259662,-2075.2786344061437,-6139.923863007627,7.553173650901443,-1.5486380068030388,-0.9523106852625489,sat1
6780.0,-971.2283676100535,-2120.4332630930976,-6164.644354618895,7.598257807231766,-1.4614637830481665,-0.6958768840651972,sat1
6810.0,-742.7216169720933,-2162.945110225211,-6181.658193581863,7.633869555792988,-1.3724735620842177,-0.43858905792157554,sat1
6840.0,-513.2893148232299,-2202.761338751211,-6190.944530283952,7.6599660786828405,-1.2817771145470753,-0.1807650816952836,sat1
6870.0,-283.2174195720622,-2239.832435452055,-6192.492060874569,7.6765159971929515,-1.1894862316096337,0.07727660655905841,sat1
6900.0,-52.79265891485181,-2274.1122697069936,-6186.299038893385,7.6834994000930195,-1.0957146011056524,0.3352173570007057,sat1
6930.0,177.69781451904814,-2305.558148521592,-6172.3732763577855,7.680907862706484,-1.0005776822761776,0.5927386591822636,sat1
6960.0,407.96676795792285,-2334.1308677760803,-6150.732134314922,7.668744456803051,-0.9041925791138699,0.849522493078297,sat1
6990.0,637.7272334375506,-2359.7947596513245,-6121.40250286181,7.647023751288389,-0.8066779122748021,1.1052516800341385,sat1
7020.0,866.6928526336933,-2382.5177361889228,-6084.420770634621,7.615771803627101,-0.7081536895216279,1.3596102337011724,sat1
7050.0,1094.5782213018588,-2402.271328941155,-6039.832783765745,7.57502614189001,-0.6087411746584354,1.6122837110168566,sat1
7080.0,1321.099233008365,-2419.030724662373,-5987.6937943135845,7.524835737282266,-0.508562754933091,1.8629595632292009,sat1
7110.0,1545.9734219511233,-2432.7747970022056,-5928.068398144631,7.465260966945542,-0.4077418068327443,2.1113274870750196,sat1
7140.0,1768.9203044496408,-2443.486134142102,-5861.030462290707,7.396373566830189,-0.30640256029547963,2.3570797759577067,sat1
7170.0,1989.6617189037631,-2451.1510623353197,-5786.663041759819,7.318256574358052,-0.20466996126835596,2.5999116711901027,sat1
7200.0,2207.9221638651993,-2455.759665297034,-5705.058285809964,7.231004260592472,-0.10266953261467553,2.8395217131680135,sat1
7230.0,2423.4291339114015,-2457.305799395778,-5616.317333687739,7.134722051597037,-0.0005272333606279453,3.075612092360571,sat1
7260.0,2635.913452991219,-2455.7871045964516,-5520.550199840062,7.029526438645772,0.10163068371186035,3.3078889999484447,sat1
7290.0,2845.1096049025996,-2451.2050111058043,-5417.875648613004,6.915544876931682,0.2036778161047954,3.536062977896236,sat1
7320.0,3050.7560605516705,-2443.5647416719958,-5308.42105845861,6.7929156724106745,0.3054877572391453,3.7598492681968256,sat1
7350.0,3252.5956016315517,-2432.8753094913777,-5192.32227567954,6.661787856413757,0.406934243630204,3.9789681609755716,sat1
7380.0,3450.375640348016,-2419.149511677455,-5069.723457751511,6.522321047662799,0.5078913035292806,4.193145341091343,sat1
7410.0,3643.8485348091153,-2402.4039182495535,-4940.77690627475,6.374685301332708,0.6082334069380527,4.402112232821312,sat1
7440.0,3832.7718996843087,-2382.658856601925,-4805.642889619651,6.219060944818195,0.7078356168804819,4.605606342164643,sat1
7470.0,4016.9089117355456,-2359.938391416847,-4664.489455341126,6.055638399878002,0.8065737417993408,4.803371596258114,sat1
7500.0,4196.02860977605,-2334.2702999946305,-4517.492232481479,5.884617990890156,0.9043244889023337,4.995158679308667,sat1
7530.0,4369.906188707091,-2305.686042965443,-4364.834223820109,5.706209738893204,1.0009656183161966,5.180725364512682,sat1
7560.0,4538.323287115822,-2274.220730373361,-4206.705588268868,5.520633141268138,1.0963760977992696,5.359836841217525,sat1
7590.0,4701.068268061406,-2239.913083111285,-4043.3034135187822,5.3281169368290895,1.1904362578221792,5.532266036702961,sat1
7620.0,4857.936492587615,-2202.8053897023965,-3874.831479128296,5.128898856213459,1.283027946760133,5.6977939318341875,sat1
7650.0,5008.730585523075,-2162.9434584283586,-3701.5000102458253,4.923225357494155,1.3740346859344457,5.856209869835746,sat1
7680.0,5153.260693125967,-2120.3765648130357,-3523.5254221849427,4.7113513469978585,1.463341824220412,6.007311857406597,sat1
7710.0,5291.344732130281,-2075.1573944793654,-3341.1300560939876,4.493539885375643,1.5508366919211642,6.150906857376422,sat1
7740.0,5422.808629753185,-2027.3419814060128,-3154.5419059862197,4.270061879037921,1.636408753591473,6.286811072088795,sat1
7770.0,5547.486554227233,-1976.9896416203512,-2963.9943374214818,4.041195757134333,1.7199497594812627,6.414850216688171,sat1
7800.0,5665.221135428001,-1924.1629023742826,-2769.725798154197,3.807227134328459,1.80135389525677,6.534859781486267,sat1
7830.0,5775.863675175987,-1868.9274268597494,-2571.9795210880757,3.568448459689677,1.8805179296473729,6.64668528258691,sat1
7860.0,5879.274346802534,-1811.351934531679,-2371.0032199016337,3.325158652095927,1.9573413596584777,6.750182499959946,sat1
7890.0,5975.322383582262,-1751.5081171165873,-2167.0487777332014,3.0776627226136526,2.031726552985846,6.845217702171731,sat1
7920.0,6063.8862556499125,-1689.470550396336,-1960.3719293364152,2.826271384391333,2.1035788872641645,6.9316678570042685,sat1
7950.0,6144.853835035922,-1625.3166018675875,-1751.2319371414967,2.5713006506746314,2.17280688578228,7.009420827224415,sat1
7980.0,6218.122548475029,-1559.1263343881642,-1539.8912616772452,2.31307142161647,2.2393223493006085,7.078375550802138,sat1
8010.0,6283.599517662898,-1490.9824059325667,-1326.6152268303479,2.0519090606214774,2.3030404836112033,7.138442204918588,sat1
8040.0,6341.201686658856,-1420.9699655896882,-1111.6716804370344,1.7881429610247295,2.363880022488818,7.189542353153148,sat1
8070.0,6390.8559361576845,-1349.1765459460555,-895.3306507203052,1.5221061039624526,2.4217633456917977,7.231609075291841,sat1
8100.0,6432.499184380033,-1275.6919520076194,-677.8639991002398,1.2541346083427753,2.4766165916849334,7.264587079258062,sat1
0.0,-1202.027677929717,6486.246323448276,-134.84363470988825,-2.64049008814759,-0.3431593585949149,7.303118007043409,sat2
30.0,-1280.4734365994877,6471.892549009845,84.28898153513197,-2.588731279250733,-0.6133345497843452,7.304177852936668,sat2
60.0,-1357.3175779681424,6449.443887078673,303.3157473307411,-2.5337304824643883,-0.8827630904539694,7.296073772302062,sat2
90.0,-1432.4638686496144,6418.927851243813,521.9618512737333,-2.4755567056484247,-1.1511046037796904,7.278814745145463,sat2
120.0,-1505.8182071664996,6380.382147447181,739.9529287617024,-2.414283054173161,-1.418020044262374,7.252421570102892,sat2
150.0,-1577.288745393833,6333.854627069455,957.0154161804489,-2.3499866311440685,-1.6831721636326018,7.216926837658902,sat2
180.0,-1646.7860069145952,6279.40322608501,1172.8769040054437,-2.2827484312154085,-1.9462259736140861,7.172374884293029,sat2
210.0,-1714.2230020984239,6217.09589039528,1387.2664882477534,-2.212653228254734,-2.2068492044949175,7.118821727714414,sat2
240.0,-1779.5153397230251,6147.010487481123,1599.915119680299,-2.1397894571422253,-2.464712758479209,7.056334983416736,sat2
270.0,-1842.5813349668097,6069.234704545126,1810.5559502887284,-2.0642490900086274,-2.719491156822514,6.98499376285529,sat2
300.0,-1903.3421136103743,5983.86593334423,2018.92467640051,-1.986127507233424,-2.9708629797899704,6.904888553615291,sat2
330.0,-1961.7217122945492,5891.011141941202,2224.759877958548,-1.905523363540057,-3.218511298519142,6.816121082003984,sat2
360.0,-2017.647174692968,5790.786733630263,2427.8033534190654,-1.8225384495379071,-3.462124097916574,6.718804158558857,sat2
390.0,-2071.0486434674963,5683.318393318059,2627.8004497683983,-1.737277549071381,-3.701394689768531,6.613061507020063,sat2
420.0,-2121.8594478862587,5568.740921664225,2824.5003871718177,-1.64984829274356,-3.9360221153046555,6.499027577364897,sat2
450.0,-2170.0161869947,5447.1980573084575,3017.65657778492,-1.5603610079873553,-4.16571153651206,6.376847343547959,sat2
480.0,-2215.4588082414743,5318.842287531017,3207.0269382781626,-1.46892856605936,-4.390174615561067,6.246676086630134,sat2
510.0,-2258.130681472372,5183.834647711564,3392.374195646819,-1.375666226330975,-4.60912988177041,6.108679164012712,sat2
540.0,-2297.9786682164404,5042.344509968066,3573.4661858993445,-1.28069147824897,-4.8223030856059115,5.963031765521238,sat2
570.0,-2334.9531861997893,4894.549361371241,3750.0761452408487,-1.1841238813316968,-5.029427539276556,5.809918657104329,sat2
600.0,-2369.0082690333893,4740.6345721421885,3921.982993391113,-1.086084903559495,-5.230244443560425,5.649533912927685,sat2
630.0,-2400.1016210316875,4580.79315425171,4088.971608699675,-0.9866977585079786,-5.424503200561063,5.48208063665271,sat2
660.0,-2428.194667129419,4415.225510846465,4250.833094745466,-0.8860872415597942,-5.61196171216419,5.307770672690124,sat2
690.0,-2453.2525978736494,4244.13917693462,4407.36503813084,-0.7843795655170535,-5.792386664029018,5.126824308216319,sat2
720.0,-2475.2444094776465,4067.748551766735,4558.3717572043,-0.6817021959200212,-5.965553795013463,4.939469966729338,sat2
750.0,-2494.142938932154,3886.274623350106,4703.664541469096,-0.5781836863601582,-6.131248151993083,4.745943893905989,sat2
780.0,-2509.924894177914,3699.9446855353103,4843.061881457338,-0.47395351405687736,-6.289264330090812,4.54648983650055,sat2
810.0,-2522.570879351232,3508.992048112294,4976.389688871409,-0.3691419159471896,-6.439406698388282,4.341358714999434,sat2
840.0,-2532.065415121465,3313.655740350391,5103.481506815509,-0.2638797255166242,-6.581489611238373,4.130808290715153,sat2
870.0,-2538.3969541459264,3114.18020841309,5224.178709959828,-0.15829821057873994,-6.715337605342261,3.91510282796907,sat2
900.0,-2541.557891673632,2910.815007071361,5338.330694499916,-0.05252891218804896,-6.840785582794008,3.6945127519722543,sat2
930.0,-2541.544571334487,2703.8144861348696,5445.795057790162,0.05329651514934957,-6.957678980327499,3.4693143029747655,sat2
960.0,-2538.357286155234,2493.437472011204,5546.437767547955,0.15904646182558582,-7.065873925028929,3.2397891872080296,sat2
990.0,-2532.000274847314,2279.946944795349,5640.133320539993,0.2645895199201408,-7.165237376799336,3.00622422509989,sat2
1020.0,-2522.4817134152736,2063.6097112837215,5726.764890675537,0.3697946383269557,-7.255647257866346,2.7689109971960812,sat2
1050.0,-2509.813702136993,1844.6960742965432,5806.224466444445,0.4745312761381081,-7.33699256965449,2.5281454881732994,sat2
1080.0,-2494.012247969203,1623.4794986838695,5878.412977648301,0.5786695542202477,-7.409173497326106,2.284227729282964,sat2
1110.0,-2475.0972424335073,1400.2362743809342,5943.240411382613,0.6820804049365972,-7.472101502302512,2.0374614395181934,sat2
1140.0,-2453.092435039174,1175.2451768687304,6000.625917236345,0.784635719982743,-7.525699403067015,1.7881536657511816,sat2
1170.0,-2428.025402299786,948.7871253876834,6050.497901681575,0.8862084963170315,-7.569901444537411,1.536614422046165,sat2
1200.0,-2399.927512401259,721.1448392430648,6092.794111631831,0.9866729801782154,-7.604653356277277,1.2831563283121863,sat2
1230.0,-2368.8338855786756,492.6024925331239,6127.461707152052,1.0859048091920387,-7.629912399791906,1.0280942484227489,sat2
1260.0,-2334.783350259327,263.4453676239691,6154.45732330627,1.183781152575541,-7.645647405127284,0.7717449278961644,sat2
1290.0,-2297.818395028983,33.95950768947776,6173.74712113141,1.280180849452559,-7.6518387969593356,0.5144266312014072,sat2
1320.0,-2257.985116477755,-195.56863137238744,6185.306827727475,1.374984545297254,-7.64847861032649,0.2564587787273713,sat2
1350.0,-2215.333162981742,-424.8525293368377,6189.121765454644,1.4680748265217023,-7.635570496121619,-0.0018384165635782772,sat2
1380.0,-2169.9156744757643,-653.6059500588008,6185.1868702285365,1.5593363532228235,-7.613129716420935,-0.26014431279505934,sat2
1410.0,-2121.7892182723335,-881.5432895845582,6173.506698904546,1.6486559900992215,-7.5811831296872825,-0.5181382031542526,sat2
1440.0,-2071.0137209816485,-1108.3799236655302,6154.095425741901,1.7359229355424852,-7.539769165844762,-0.7754996801978227,sat2
1470.0,-2017.6523965874135,-1333.832554370105,6126.976827937687,1.8210288488991606,-7.488937791181312,-1.0319090004946023,sat2
1500.0,-1961.771670733436,-1557.6195554883168,6092.184260220812,1.903867975889758,-7.428750462995897,-1.2870474496075843,sat2
1530.0,-1903.441101276598,-1779.4613164203427,6049.760618495919,1.984337272158964,-7.359280073868871,-1.5405977074047117,sat2
1560.0,-1842.7332951627711,-1999.0805842357445,5999.758292527688,2.0623365249179773,-7.2806108853979925,-1.7922442136705694,sat2
1590.0,-1779.7238216834064,-2216.202803585928,5942.239107656999,2.137768472625236,-7.192838451208601,-2.0416735339693335,sat2
1620.0,-1714.4911221727768,-2430.5564541444173,5877.274255542406,2.210538922635375,-7.096069529016992,-2.288574725680015,sat2
1650.0,-1647.1164162087287,-2641.873385241141,5804.944213924006,2.2805568667289737,-6.990421981500639,-2.53263970409142,sat2
1680.0,-1577.6836043751132,-2849.889147372107,5725.3386554019435,2.3477345944256167,-6.876024665694738,-2.7735636084348396,sat2
1710.0,-1506.2791676734605,-3054.3433201772623,5638.556345255525,2.4119878039384712,-6.753017310659055,-3.0110451676000074,sat2
1740.0,-1432.9920636271472,-3254.979836619758,5544.705028282111,2.473235710659707,-6.621550383070446,-3.2447870654095796,sat2
1770.0,-1357.9136191793689,-3451.547302924079,5443.901304700701,2.5314011529929195,-6.481784940474578,-3.4744963050893003,sat2
1800.0,-1281.1374204556762,-3643.799313932592,5336.270495135879,2.5864106953681696,-6.33389247187466,-3.6998845726522704,sat2
1830.0,-1202.7591994801423,-3831.4947634906675,5221.9464947214965,2.6381947282445974,-6.178054725359625,-3.920668598820222,sat2
1860.0,-1122.8767179387714,-4014.3981494660866,5101.07161637398,2.6866875648913355,-6.0144635224845135,-4.136570519060466,sat2
1890.0,-1041.5896480926283,-4192.279872995811,4973.796423302295,2.7318275347212917,-5.8433205591383475,-4.347318231262238,sat2
1920.0,-958.999450933399,-4364.916531580953,4840.279550810248,2.773557072947982,-5.664837192624202,-4.552645750569425,sat2
1950.0,-875.2092517259457,-4532.09120554669,4700.687517532594,2.811822806298886,-5.479234214799685,-4.752293560723591,sat2
1980.0,-790.3237130240523,-4693.59373752318,4555.194526161616,2.8465756345460616,-5.286741611024502,-4.94600896139743,sat2
2010.0,-704.4489053127522,-4849.22100446748,4403.982253831747,2.8777708075728716,-5.0875983048272655,-5.133546410799884,sat2
2040.0,-617.6921754067636,-4998.777181814369,4247.239632300717,2.9053679977083524,-4.882051888184571,-5.314667862878415,sat2
2070.0,-530.1620127518062,-5142.0739993214465,4085.1626181009565,2.9293313670518435,-4.670358337376234,-5.489143098383094,sat2
2100.0,-441.9679137841569,-5278.930988173872,3917.953952858216,2.9496296295097277,-4.452781714438357,-5.656750049025315,sat2
2130.0,-353.22024451056865,-5409.175718918361,3745.8229139949954,2.966236107268249,-4.229593854293242,-5.817275113940003,sat2
2160.0,-264.03010147984475,-5532.644029797745,3568.985056062342,2.979128781430122,-4.001074037701748,-5.970513467636029,sat2
2190.0,-174.50917132546778,-5649.180245062931,3387.6619429682555,2.9882903365496523,-3.7675086502511554,-6.11626935860355,sat2
2220.0,-84.76958906574589,-5758.637382847538,3202.080871394737,2.9937081988105856,-3.5291908276592108,-6.2543563977379115,sat2
2250.0,5.0762046434393095,-5860.877352198589,3012.474585722981,2.9953745676028753,-3.286420087748865,-6.384597835734031,sat2
2280.0,94.91560710189025,-5955.771138869416,2819.080984810063,2.993286440269367,-3.0395019495182174,-6.5068268286091575,sat2
2310.0,184.63599779633492,-6043.198979494772,2622.1428209856617,2.9874456298105656,-2.7887475398021073,-6.620886690521115,sat2
2340.0,274.1248830547231,-6123.050523783294,2421.90739166381,2.977858775355077,-2.534473188095455,-6.726631133064053,sat2
2370.0,363.270040904244,-6195.224984381777,2218.626223986847,2.9645373452253034,-2.2770000101758154,-6.823924490248136,sat2
2400.0,451.9596659084111,-6259.631274085411,2012.5547529431813,2.9474976324515705,-2.0166534812319328,-6.912641928398017,sat2
2430.0,540.0825137543465,-6316.188130090192,1803.9519934234465,2.9267607426138103,-1.75376299927103,-6.992669640241053,sat2
2460.0,627.5280453587179,-6364.824225008485,1593.0802066996544,2.902352573917143,-1.4886614396377056,-7.063905022498913,sat2
2490.0,714.1865702579879,-6405.478264394188,1380.2045618327998,2.8743037894365417,-1.2216847015362344,-7.126256836344018,sat2
2520.0,799.9493890474024,-6438.099070551882,1165.5927925319743,2.8426497814957328,-0.9531712475000639,-7.179645350136453,sat2
2550.0,884.7089346321986,-6462.645652433195,949.5148500058956,2.807430628176399,-0.6834616368014165,-7.224002463915619,sat2
2580.0,968.3589120554483,-6479.087261454433,732.242552360714,2.768691041985122,-0.4128980538335513,-7.259271815185167,sat2
2610.0,1050.7944366677139,-6487.403433100837,514.0492311125931,2.726480310737525,-0.14182383253603817,-7.285408865597193,sat2
2640.0,1131.9121704063484,-6487.584014215628,295.2093753929195,2.6808522307507903,0.12941702203921374,-7.302380968213447,sat2
2670.0,1211.6104559552825,-6479.6291759052265,75.99827443337001,2.6318650324675765,0.40048031390037975,-7.310167415095632,sat2
2700.0,1289.7894485603558,-6463.549412026028,-143.3083410759576,2.579581298665404,0.6710221368912471,-7.308759465053662,sat2
2730.0,1366.3512452807563,-6439.365523252213,-362.43465815928926,2.524067875435725,0.940699354928326,-7.298160351459104,sat2
2760.0,1441.2000114622158,-6407.108586758488,-581.1051406587065,2.4653957761466443,1.2091700805549002,-7.278385270110284,sat2
2790.0,1514.2421042255376,-6366.819911585832,-799.0448876721289,2.4036400786305405,1.4760941506784,-7.24946134721501,sat2
2820.0,1585.386192770937,-6318.550979792128,-1015.9799907306648,2.3388798158645367,1.741133598369865,-7.211427587635907,sat2
2850.0,1654.5433753075,-6262.363373522802,-1231.6378891267639,2.2711978604360272,2.0039531196275475,-7.164334803621006,sat2
2880.0,1721.627292425933,-6198.328688169353,-1445.7477228117737,2.200680803108024,2.2642205340349357,-7.108245524318214,sat2
2910.0,1786.5542367428516,-6126.528431814774,-1658.0406822926143,2.1274188258189977,2.521607238280629,-7.043233886445428,sat2
2940.0,1849.2432586549808,-6047.053911195497,-1868.2503549687426,2.05150556946981,2.7757886515487935,-6.96938550655819,sat2
2970.0,1909.6162680524642,-5960.006104438438,-2076.1130673650264,1.9730379968655085,3.0264446518373465,-6.886797335422993,sat2
3000.0,1967.5981318518468,-5865.495520859027,-2281.3682227325835,1.8921162511921679,3.27326000231511,-6.795577495066195,sat2
3030.0,2023.1167672208478,-5763.642048131819,-2483.758633507783,1.8088435104186855,3.5159247668879727,-6.695845099125263,sat2
3060.0,2076.103230378739,-5654.5747871694375,-2683.030848138617,1.723325838020512,3.754134714206499,-6.587730057180834,sat2
3090.0,2126.491800868251,-5538.431875067289,-2878.935471809195,1.6356720304262649,3.987591709414793,-6.471372863793777,sat2
3120.0,2174.220061206968,-5415.360296491444,-3071.227480615577,1.5459934615893276,4.216004093010384,-6.3469243730108955,sat2
3150.0,2219.228971838151,-5285.515683905,-3259.666528768961,1.4544039250851752,4.439087046256526,-6.214545559136559,sat2
3180.0,2261.462941313042,-5149.06210704341,-3444.0172484275517,1.3610194741304484,4.656562942663171,-6.074407264593602,sat2
3210.0,2300.869891648146,-5006.171852063412,-3624.04954178193,1.265958259913434,4.868161685126244,-5.926689935717821,sat2
3240.0,2337.4013188130325,-4857.025190800067,-3799.5388650462924,1.1693403686151114,5.073621028391993,-5.771583347342008,sat2
3270.0,2371.0123483148573,-4701.810140576521,-3970.2665040316533,1.0712876574889687,5.272686886585623,-5.6092863170334075,sat2
3300.0,2401.661785856943,-4540.722215017088,-4136.019841004192,0.9719235903529467,5.4651136256180175,-5.440006409847243,sat2
3330.0,2429.312163059117,-4373.964166318123,-4296.592612558003,0.8713730728304477,5.650664340356301,-5.263959634451587,sat2
3360.0,2453.929778236982,-4201.745719435525,-4451.785158255096,0.7697622876602855,5.829111116510536,-5.081370131467558,sat2
3390.0,2475.484732246985,-4024.283298645455,-4601.404659812824,0.6672185303743433,6.000235277257628,-4.8924698548471195,sat2
3420.0,2493.9509594125293,-3841.7997469352495,-4745.265370641619,0.5638700456215991,6.163827614683182,-4.697498247087481,sat2
3450.0,2509.30625355434,-3654.5240386776663,-4883.188835559582,0.4598458643947514,6.319688606180236,-4.496701909050622,sat2
3480.0,2521.5322891557907,-3462.6909860359715,-5015.004100533672,0.35527564239222215,6.467628615997305,-4.290334265120573,sat2
3510.0,2530.614637700309,-3266.540939541694,-5140.547912317857,0.25028949972504394,6.607468082174813,-4.078655224392469,sat2
3540.0,2536.542779223957,-3066.3194832788727,-5259.664907878865,0.14501786215406975,6.73903768915132,-3.8619308385441538,sat2
3570.0,2539.3101091314493,-2862.2771250994397,-5372.207793519136,0.03959130401876908,6.8621785263571375,-3.640432956994409,sat2
3600.0,2538.9139403282998,-2654.6689822843878,-5478.037513623886,-0.06585960700497791,6.976742233142916,-3.414438879902879,sat2
3630.0,2535.35550072554,-2443.754463054726,-5577.023408974943,-0.17120446320396374,7.082591130414265,-3.18423100951595,sat2
3660.0,2528.6399261765287,-2229.7969443253346,-5669.043364588099,-0.27631316809185574,7.179598339360669,-2.950096500311129,sat2
3690.0,2518.776248907731,-2013.0634460822373,-5753.983947043929,-0.38105608556883486,7.26764788767825,-2.7123269083386248,sat2
3720.0,2505.777381507182,-1793.824302751777,-5831.740531293013,-0.4853041869273771,7.346634803690437,-2.471217840105902,sat2
3750.0,2489.660096535438,-1572.3528319193983,-5902.217416925591,-0.5889291956732793,7.416465198768404,-2.2270686013000804,sat2
3780.0,2470.445001824596,-1348.9250007423116,-5965.327933904402,-0.6918037301491814,7.477056338446258,-1.9801818455903628,sat2
3810.0,2448.156511530956,-1123.8190903893735,-6020.994537765596,-0.7938014439630613,7.528336702612037,-1.7308632237042034,sat2
3840.0,2422.8228130067932,-897.3153588308862,-6069.148894297617,-0.8947971642376196,7.570246035136824,-1.479421032924818,sat2
3870.0,2394.475829555903,-669.6957022894904,-6109.731953712061,-0.9946670277085394,7.602735383280607,-1.2261658671127584,sat2
3900.0,2363.1511791367116,-441.2433156546549,-6142.694014322643,-1.0932886147085272,7.6257671271847,-0.9714102673152409,sat2
3930.0,2328.8881290755317,-212.24235215390007,-6167.994775749966,-1.1905410810813943,7.639314999728096,-0.715468372990079,sat2
3960.0,2291.7295468511766,17.022417433107154,-6185.603381670009,-1.2863052880749937,7.643364096988928,-0.4586555738401519,sat2
3990.0,2251.721847010499,246.26594573981797,-6195.498452123929,-1.3804639302650537,7.637910879512917,-0.2012881622253413,sat2
4020.0,2208.9149342733185,475.2032496817884,-6197.668105405179,-1.4729016615606703,7.622963164548996,0.05631701389938818,sat2
4050.0,2163.3621428831066,703.5497509620182,-6192.109969538463,-1.5635052193418602,7.598540109368963,0.31384289759235867,sat2
4080.0,2115.1201722590104,931.0216159441829,-6178.831183362524,-1.6521635467735536,7.564672185743352,0.5709725691593478,sat2
4110.0,2064.249019003266,1157.3360946290354,-6157.848387226538,-1.738767913334781,7.5214011456006835,0.827389592100963,sat2
4140.0,2010.8119053169235,1382.2118584695313,-6129.187703307044,-1.823212033593239,7.46877997785215,1.0827783588606952,sat2
4170.0,1954.8752038765913,1605.3693367567964,-6092.884705550166,-1.9053921842440384,7.406872856320055,1.3368244364528241,sat2
4200.0,1896.508359224033,1826.5310513091679,-6048.98437924147,-1.9852073194201711,7.3357550786652865,1.5892149120409873,sat2
4230.0,1835.7838057207289,2045.4219491913748,-5997.5410702040845,-2.062559184267712,7.255512996168739,1.8396387385198907,sat2
4260.0,1772.7768821201078,2261.769733185619,-5938.618423624629,-2.1373524267634694,7.16624393418396,2.08778708013031,sat2
4290.0,1707.5657428106108,2475.3051897322225,-5872.289312505724,-2.2094947077368516,7.068056103042999,2.3333536581128302,sat2
4320.0,1640.231265783886,2685.7625140509244,-5798.635755743553,-2.2788968090404307,6.961068499165978,2.5760350963748757,sat2
4350.0,1570.8569573914374,2892.8796321249474,-5717.74882583867,-2.345472739788581,6.845410796109974,2.815531267085544,sat2
4380.0,1499.5288539306432,3096.3985192977216,-5629.728546222541,-2.4091398405898374,6.721223225230526,3.051545636161473,sat2
4410.0,1426.3354201506213,3296.0655150799385,-5534.683778238073,-2.469818885632791,6.5886564456873415,3.283785608399196,sat2
4440.0,1351.3674447202482,3491.631633915472,-5432.732097760078,-2.5274341825192126,6.447871403431527,3.511962872149067,sat2
4470.0,1274.7179327395893,3682.85287153658,-5323.999661486057,-2.5819136696836127,6.299039178861217,3.735793743253306,sat2
4500.0,1196.481995367782,3869.4905065698126,-5208.6210629217285,-2.6331890112339633,6.142340822812575,3.9549995079685774,sat2
4530.0,1116.756736647822,4051.311397037512,-5086.739178097356,-2.681195689028682,5.977967180562824,4.16930676453545,sat2
4560.0,1035.6411376115354,4228.088271396742,-4958.5050010571595,-2.7258730917902794,5.806118703528203,4.378447763014032,sat2
4590.0,953.2359377714762,4399.600013711151,-4824.077469203854,-2.767164601031575,5.627005248395037,4.5821607429105775,sat2
4620.0,869.6435140679645,4565.631942641678,-4683.623278522915,-2.805017673581845,5.440845863351075,4.7801902681869946,sat2
4650.0,784.9677574132495,4725.976083787734,-4537.3166888313,-2.83938392045084,5.247868561255509,4.972287559023833,sat2
4680.0,699.3139469226385,4880.431435035613,-4385.339319119067,-2.87021918179233,5.048310079497334,5.1582108198168655,sat2
4710.0,612.7886219620261,5028.804224494553,-4227.879933120177,-2.897483597702433,4.842415626400357,5.3377255627603555,sat2
4740.0,525.4994521397326,5170.908160617865,-4065.1342152535417,-2.9211416745876657,4.630438614060409,5.510604926355054,sat2
4770.0,437.55510537936794,5306.564674101999,-3897.3045370970567,-2.941162346833365,4.412640377553412,5.676629988140438,sat2
4800.0,349.06511421906583,5435.603151154394,-3724.5997145797887,-2.957519033501877,4.189289880510123,5.835590070917781,sat2
4830.0,260.13974048989644,5557.861157722937,-3547.2347560987714,-2.9701896897913405,3.960663407111309,5.987283041704929,sat2
4860.0,170.88983853470793,5673.184654281523,-3365.430601790702,-2.9791568529895343,3.7270442406210864,6.131515602640921,sat2
4890.0,81.42671713623113,5781.4282007711645,-3179.4138542120777,-2.984407682663801,3.4887223286408013,6.26810357304281,sat2
4920.0,-8.137999668948384,5882.455151302504,-2989.416500705532,-2.9859339948367682,3.2459939353335074,6.3968721618064714,sat2
4950.0,-97.69251270686041,5976.137838234208,-2795.6756277540408,-2.983732289909125,2.9991612809373644,6.517656229339119,sat2
4980.0,-187.12498852216584,6062.357745252051,-2598.4331276493363,-2.977803774104507,2.7485321689562143,6.6303005382129125,sat2
5010.0,-276.32370077653957,6141.005669086436,-2397.9353978247696,-2.9681543742276917,2.494419601484605,6.734659991737571,sat2
5040.0,-365.17717198607926,6211.98186952056,-2194.4330332267773,-2.954794745545872,2.237141383193618,6.830599859664602,sat2
5070.0,-453.5743153894331,6275.1962073586255,-1988.180512121658,-2.9377402726231243,1.9770197145701702,6.917995990257231,sat2
5100.0,-541.4045767327303,6330.568270041434,-1779.4358757585887,-2.917011062960971,1.714380775070179,6.996735007986835,sat2
5130.0,-628.5580757545813,6378.027484618419,-1568.4604023287118,-2.892631933321808,1.4495542969050699,7.066714496151433,sat2
5160.0,-714.925747149704,6417.513217806513,-1355.5182756837692,-2.8646323886382277,1.1828731302445632,7.127843163750137,sat2
5190.0,-800.3994807883994,6448.974862891346,-1140.8762492943838,-2.833046593438036,0.9146728006707096,7.180040995993636,sat2
5220.0,-884.8722609667611,6472.37191325157,-924.8033059471776,-2.797913335743218,0.6452910597707834,7.223239387880759,sat2
5250.0,-968.2383044617305,6487.674022314345,-707.5703136963172,-2.759275983430294,0.3750674298027725,7.25738126032663,sat2
5280.0,-1050.3931971653647,6494.861049778812,-489.4496785987879,-2.717182433068983,0.10434274340668491,7.282421158387812,sat2
5310.0,-1131.2340290734483,6493.923093973727,-270.7149947759814,-2.671685051286407,-0.16654132062974022,7.298325331193485,sat2
5340.0,-1210.6595274053393,6484.860510246218,-51.64069235515525,-2.622840608734066,-0.4372427045136791,7.305071793258822,sat2
5370.0,-1288.5701876350229,6467.6839153099645,167.4983161481014,-2.5707102067646286,-0.7074194404405165,7.302650366926648,sat2
5400.0,-1364.8684022164791,6442.414177512911,386.42699043720734,-2.515359196955223,-0.9767301203631817,7.29106270575545,sat2
5430.0,-1439.4585867913183,6409.0823930170545,604.87051745912,-2.456857093642496,-1.2448343654559901,7.270322298745525,sat2
5460.0,-1512.2473036718993,6367.72984791514,822.5546662711162,-2.395277479662254,-1.511393294190083,7.240454455369375,sat2
5490.0,-1583.1433823992325,6318.4079663415205,1039.2061421746384,-2.330697905513174,-1.776069987943139,7.2014962714472786,sat2
5520.0,-1652.0580371818173,6261.17824466659,1254.5529395432068,-2.263199782188893,-2.038529953078683,7.153496575983148,sat2
5550.0,-1718.904981029526,6196.112171895659,1468.3246927765274,-2.192868267945928,-2.298441578450844,7.096515859148851,sat2
5580.0,-1783.6005364045982,6123.291136424296,1680.2530248187222,-2.1197921492963205,-2.5554765873155683,7.030626181676529,sat2
5610.0,-1846.0637422208601,6042.806319332126,1890.0718926875836,-2.044063716533235,-2.8093104826623145,6.955911065987548,sat2
5640.0,-1906.2164570320658,5954.758574425958,2097.5179294733543,-1.9657786341141996,-3.0596229850197796,6.872465369452163,sat2
5670.0,-1963.9834582596345,5859.258295271277,2302.3307822765746,-1.8850358062420285,-3.3060984618315667,6.780395140236932,sat2
5700.0,-2019.292537320885,5756.425269477252,2504.2534455703285,-1.8019372379949286,-3.548426347548585,6.67981745625471,sat2
5730.0,-2072.074590529479,5646.388520525222,2703.03258948831,-1.7165878923669378,-3.7863015536389124,6.570860247785616,sat2
5760.0,-2122.2637056504605,5529.286137454206,2898.4188825567994,-1.6290955435870156,-4.01942486777279,6.453662104386392,sat2
5790.0,-2169.7972440038443,5405.265092737767,3090.1673084094145,-1.5395706270886562,-4.2475033415038785,6.328372066747956,sat2
5820.0,-2214.615918021411,5274.481048706773,3278.037476042031,-1.4481260865041676,-4.470250665830391,6.19514940419912,sat2
5850.0,-2256.66386417293,5137.098152889757,3461.793923187838,-1.3548772180561195,-4.687387534087735,6.054163378585348,sat2
5880.0,-2295.8887111891445,4993.2888226578425,3641.206412414785,-1.2599415127147524,-4.898641991692564,5.905592995276354,sat2
5910.0,-2332.2416435195796,4843.233519575663,3816.05021956926,-1.1634384964844968,-5.103749772325575,5.749626742076072,sat2
5940.0,-2365.6774599743894,4687.120513869929,3986.1064142149708,-1.0654895691734774,-5.302454620211687,5.586462316819952,sat2
5970.0,-2396.15462750973,4525.145639437293,4151.162131738625,-0.9662178419894341,-5.494508598223448,5.4163063444510255,sat2
6000.0,-2423.6353301262357,4357.512039820834,4311.010836817516,-0.8657479742928585,-5.679672381600635,5.239374084366637,sat2
6030.0,-2448.085512860165,4184.429905588433,4465.452577969264,-0.764206009822499,-5.8577155371461345,5.0558891288197945,sat2
6060.0,-2469.4749208557087,4006.1162035515854,4614.294232925387,-0.6617192126930735,-6.028416787818791,4.866083093149031,sat2
6090.0,-2487.7771335159878,3822.79439826268,4757.349744595403,-0.5584159034458162,-6.191564262705942,4.670195298590526,sat2
6120.0,-2502.969593738241,3634.694166230249,4894.440347408926,-0.45442529541431087,-6.346955732412747,4.468472448405032,sat2
6150.0,-2515.0336322464095,3442.051103288725,5025.394783845818,-0.34987733164719875,-6.494398829958213,4.261168298022961,sat2
6180.0,-2523.954487041226,3245.106425556421,5150.049510984782,-0.24490252260873707,-6.633711257314728,4.048543319879163,sat2
6210.0,-2529.7213179943183,3044.106664410362,5268.248896920671,-0.13963178485652677,-6.764720977770182,3.830864363572268,sat2
6240.0,-2532.327216618444,2839.303355900878,5379.845406919276,-0.03419628087425322,-6.8872663943283845,3.608404311943972,sat2
6270.0,-2531.7692110510548,2630.952725022205,5484.699779195481,0.07127273978419056,-7.001196514394345,3.38144173363158,sat2
6300.0,-2528.0482662927507,2419.315365246468,5582.681190217278,0.1766440979046008,-7.106371101016857,3.150260532601318,sat2
6330.0,-2521.1692797459477,2204.6559137214217,5673.667409452055,0.2817868404617099,-7.202660810978963,2.9151495951253694,sat2
6360.0,-2511.141072102203,1987.2427225219787,5757.544943485386,0.38657039481373795,-7.289947320040799,2.6764024346171493,sat2
6390.0,-2497.9763736292066,1767.3475263368532,5834.209169454194,0.49086472116655644,-7.368123435645971,2.434316834692499,sat2
6420.0,-2481.691805910466,1545.2451069627014,5903.56445774627,0.5945404632492528,-7.437093197403419,2.189194490778269,sat2
6450.0,-2462.3078590921555,1321.2129549674335,5965.524283927686,0.6974690971594115,-7.496771965652591,1.9413406505423094,sat2
6480.0,-2439.8488646926717,1095.5309288760752,6020.011329866905,0.7995230783505256,-7.547086498408864,1.6910637533755846,sat2
6510.0,-2414.34296403114,868.4809122247227,6066.957574030399,0.9005759867459705,-7.5879750169704945,1.4386750691162566,sat2
6540.0,-2385.8220723311465,640.3464688168023,6106.304370930644,1.0005026699760327,-7.619387260448487,1.1844883361628413,sat2
6570.0,-2354.321838556282,411.41249651233187,6138.002519710027,1.099179384741163,-7.641284529454869,0.9288193990922785,sat2
6600.0,-2319.881601033618,181.9648798709309,6162.012321848172,1.1964839363123927,-7.65363971915653,0.6719858458630598,sat2
6630.0,-2282.5443389208403,-47.709858035400345,6178.303627981629,1.2922958161834779,-7.656437341868955,0.4143066446570268,sat2
6660.0,-2242.3566195724156,-277.32490432776535,6186.855873826075,1.3864963378908837,-7.649673539328757,0.15610178039107026,sat2
6690.0,-2199.3685418595824,-506.59350523686896,6187.658105192044,1.4789687710177923,-7.633356084746358,-0.10230810908938914,sat2
6720.0,-2153.6336754983004,-735.2293149259292,6180.70899208497,1.5695984733957111,-7.607504374700624,-0.36060209713647395,sat2
6750.0,-2105.2089964393717,-962.9467439152978,6166.016831880378,1.6582730215118588,-7.57214941089697,-0.618459332752842,sat2
6780.0,-2054.1548183742407,-1189.4613068059475,6143.599541564385,1.744882339124423,-7.527333771769742,-0.8755594053831289,sat2
6810.0,-2000.5347204104808,-1414.4899689964313,6113.484639029595,1.8293188240782303,-7.473111573869197,-1.1315827100503824,sat2
6840.0,-1944.4154709709521,-1637.751492086775,6075.709213416001,1.9114774733032076,-7.409548422934152,-1.3862108128364916,sat2
6870.0,-1885.8669479717632,-1858.9667776574058,6030.319884486983,1.9912560059648843,-7.336721354513788,-1.6391268166891684,sat2
6900.0,-1824.9620553345967,-2077.859209109503,5977.372751030724,2.0685549847233733,-7.2547187639662845,-1.8900157275217577,sat2
6930.0,-1761.7766358913611,-2294.1549912436767,5916.933328279255,2.143277935040669,-7.163640325630396,-2.138564820543188,sat2
6960.0,-1696.3893807402928,-2507.5834872509504,5849.076474338952,2.2153314624611387,-7.06359690093626,-2.3844640067301515,sat2
6990.0,-1628.8817351165696,-2717.877552777532,5773.886305630787,2.2846253677712394,-6.954710435198985,-2.6274061993140805,sat2
7020.0,-1559.3378008364623,-2924.7738667385756,5691.456101334771,2.351072759933893,-6.8371138428067875,-2.8670876801430087,sat2
7050.0,-1487.8442354007786,-3128.013258476674,5601.888196864842,2.414590166651809,-6.710950880538304,-3.10320846565547,sat2
7080.0,-1414.4901478043282,-3327.341030984289,5505.293866358224,2.4750976424392337,-6.576376008663052,-3.335472672312497,sat2
7110.0,-1339.3669911511922,-3522.507279750545,5401.793194225642,2.532518874014622,-6.433554239553846,-3.563588881114755,sat2
7140.0,-1262.5684521482485,-3713.2672068850284,5291.51493578221,2.586781282842678,-6.282660973489077,-3.7872705009006533,sat2
7170.0,-1184.190337567253,-3899.381430123684,5174.596367002958,2.6378161246248375,-6.123881821350247,-4.006236130027671,sat2
7200.0,-1104.3304577698937,-4080.6162863197237,5051.183123457166,2.6855585855235646,-5.957412413930839,-4.220209915996906,sat2
7230.0,-1023.0885074004218,-4256.744129006644,4921.429028495157,2.7299478748895587,-5.783458197600578,-4.4289219125221955,sat2
7260.0,-940.5659433386363,-4427.543619653437,4785.495910746586,2.7709273142580266,-5.6022342160553436,-4.632108433544402,sat2
7290.0,-856.8658600621609,-4592.800012119868,4643.553411083602,2.8084444223422333,-5.413964878019786,-4.829512403519151,sat2
7320.0,-772.0928625031007,-4752.305429970552,4495.778779107094,2.8424509957828143,-5.218883710655659,-5.020883703446174,sat2
7350.0,-686.3529365562345,-4905.859136161335,4342.3566593351225,2.8729031853681466,-5.017233098609554,-5.205979511899636,sat2
7380.0,-599.7533173693898,-5053.267794685445,4183.478867238674,2.899761567455453,-4.80926400860905,-5.384564640370467,sat2
7410.0,-512.4023555655874,-5194.345723741714,4019.3441553087323,2.922991210313734,-4.595235699593696,-5.556411862168919,sat2
7440.0,-424.409381553458,-5328.915139990974,3850.157969359193,2.942561735110145,-4.375415418422514,-5.721302234109116,sat2
7470.0,-335.88456809080634,-5456.806393468727,3676.1321952941294,2.958447371263753,-4.1500780812625235,-5.879025410171737,sat2
7500.0,-246.9387912744564,-5577.858192726342,3497.4848965923793,2.9706270058957145,-3.919505940828628,-6.029379946321289,sat2
7530.0,-157.68349013759664,-5691.917819779056,3314.440042787644,2.979084227112461,-3.683988239713958,-6.172173595640049,sat2
7560.0,-68.23052504333572,-5798.841334447695,3127.2272292469293,2.983807360868861,-3.44382085011933,-6.307223592933656,sat2
7590.0,21.307964928829055,-5898.493767690745,2936.0813885768935,2.9847895011711953,-3.199305900363824,-6.4343569279608195,sat2
7620.0,110.81970540057407,-5990.749303536706,2741.2424940116866,2.9820285333953205,-2.9507513886290946,-6.553410606446041,sat2
7650.0,200.19243070641312,-6075.491449240911,2542.9552551618985,2.975527150513255,-2.698470784463223,-6.664231898045447,sat2
7680.0,289.31402828357704,-6152.613193308006,2341.4688065288533,2.965292862041736,-2.4427826186411883,-6.766678570454724,sat2
7710.0,378.0726832192615,-6222.017151040437,2137.0363892119954,2.951337995548726,-2.184010062047966,-6.86061910887395,sat2
7740.0,466.35702272956604,-6283.615697294309,1929.915026260657,2.9336796905782427,-1.9224804943180642,-6.9459329200759345,sat2
7770.0,554.056260340709,-6337.331086146943,1720.3651921434753,2.9123398848802258,-1.6585250630294879,-7.022510520363348,sat2
7800.0,641.0603395402168,-6383.095557205579,1508.650476829371,2.88734529285987,-1.3924782343102735,-7.090253706744678,sat2
7830.0,727.2600766633437,-6420.851428313073,1295.0372449938889,2.858727376190204,-1.12467733577274,-7.149075710709626,sat2
7860.0,812.5473027794508,-6450.551174435236,1079.7942908809962,2.8265223065616776,-0.8554620927396996,-7.198901334040911,sat2
7890.0,896.815004341756,-6472.157492543573,863.1924893686588,2.7907709205739697,-0.5851741587755602,-7.239667066159991,sat2
7920.0,979.9574623653846,-6485.643352338663,645.5044437984561,2.7515186668065024,-0.314156641572143,-7.27132118257045,sat2
7950.0,1061.8703898999331,-6490.992032691373,427.00413114239,2.708815545136215,-0.04275362527339209,-7.293823824031988,sat2
7980.0,1142.4510675649767,-6488.197143712063,207.9665450906123,2.6627160384030137,0.22869030964953238,-7.307147056170891,sat2
8010.0,1221.5984769211236,-6477.262634391644,-11.332662350238227,2.6132790365546397,0.4998305678439603,-7.311274909308642,sat2
8040.0,1299.2134314530592,-6458.202785792494,-230.6175401514055,2.5605677534338027,0.7703230206992987,-7.306203398367894,sat2
8070.0,1375.1987049467537,-6431.042189801644,-449.61219785048615,2.5046496364002655,1.0398244870021907,-7.291940522793967,sat2
8100.0,1449.4591570491634,-6395.815713492875,-668.04116483466,2.4455962690094015,1.3079932114796036,-7.268506246509769,sat2
													
													
													
													
													
													
													
													
													
													
													
													
													
													
													
													
													
													
													
													
													
													
													
													
													
													
													
													
													
													
													
													
													
													
													
													
													
													
													
													
